deal_id,intex_name,current_settle_date,category,dealer,first_pay_date,full_name,original_size,service_master,deal_settlement_date,latest_cdu_date,loan_count,nonperforming_loan_count,reinvest_collateral_items,tranche_count,sofr,group_count,collat_sum,bloomberg_name,gpim_deal_name,fauxtex
1,ACEC25F3,20250521,WHOLE_LOAN,JPMorgan / Goldman Sachs & Co. / Santander / Capital One Securities / HSBC,20250218,ACREC 2025-FL3,1100000000,Situs Asset Management,20250127,20250401,25,0,1,29,4.32871,4,983600000,ACREC 2025-FL3,,0
2,ARET2510,20250521,WHOLE_LOAN,Morgan Stanley & Co. / Goldman Sachs & Co. / Wells Fargo Securities,20250217,AREIT 2025-CRE10,911022043,Situs Asset Management,20250203,20250401,23,0,1,17,4.32871,4,911022043.36,AREIT 2025-CRE10,,0
3,ACRE21F4,20250521,WHOLE_LOAN,Wells Fargo Securities / Deutsche Bank Securities / Morgan Stanley & Co. / JMP Securities / Raymond James,20210218,ACRE Commercial Mortgage 2021-FL4,667259392,Wells Fargo Bank,20210128,20250401,23,0,0,14,4.3267,0,250935583.6,ACR 2021-FL4,,0
4,ARBC22F1,20250521,WHOLE_LOAN,JPMorgan / Credit Suisse,20220315,Arbor Realty Commercial Real Estate Notes 2022-FL1,2050000000,Arbor Multifamily Lending,20220211,20250401,87,0,1,17,4.323,4,1629007437.25,ARCLO 2022-FL1,,0
5,AMMST20M,20250521,WHOLE_LOAN,JPMorgan / Deutsche Bank Securities,20200615,Arbor Multifamily Mortgage Securities Trust 2020-MF1,727153745,Midland Loan Services,20200529,20250401,40,0,0,17,,0,709836907.54,AMMST 2020-MF1,,0
6,AVMT18AV,20250521,WHOLE_LOAN,JPMorgan / Deutsche Bank Securities / Morgan Stanley / Wells Fargo Securities,20180705,Aventura Mall Trust 2018-AVM,1750000000,Wells Fargo Bank,20180629,20250401,1,0,0,20,,1,750000000,AVMT 2018-AVM,,0
7,BBUB12TF,20250521,WHOLE_LOAN,Barclays / UBS Investment Bank / Citigroup / Drexel Hamilton,20130105,BB-UBS Trust 2012-TFT,567752000,Wells Fargo Bank,20121204,20250401,3,0,0,21,,5,283318503.56,BBUBS 2012-TFT,,0
8,BBC18C02,20250521,WHOLE_LOAN,Barclays / Cantor Fitzgerald & Company / KeyBanc Capital Markets / Drexel Hamilton,20190115,BBCMS Mortgage Trust 2018-C2,1634162051,Wells Fargo Bank,20181220,20250401,44,0,0,46,,4,863987804.92,BBCMS 2018-C2,,0
9,BBC18CHR,20250521,WHOLE_LOAN,Barclays / Societe Generale / Deutsche Bank Securities,20180905,BBCMS Trust 2018-CHRS,550000000,Wells Fargo Bank,20180809,20250401,1,0,0,26,,1,284320000,BBCMS 2018-CHRS,,0
10,BDS21FL9,20250521,WHOLE_LOAN,Goldman Sachs / JPMorgan / Wells Fargo Securities / Amherst Pierpont / Ramirez,20211118,BDS 2021-FL9,746567144,Wells Fargo Bank,20211013,20250401,35,0,1,15,4.3267,4,453067485.59,BDS 2021-FL9,,0
11,BBC19C03,20250521,WHOLE_LOAN,Barclays / Natixis / Societe Generale / UBS Securities / KeyBanc Capital Markets / Drexel Hamilton,20190715,BBCMS Mortgage Trust 2019-C3,2518130101.81,Midland Loan Services,20190611,20250401,50,0,0,73,,8,894317390.92,BBCMS 2019-C3,,0
12,BDS24F13,20250521,WHOLE_LOAN,Wells Fargo Securities / Goldman Sachs & Co. / Santander / Academy Securities,20241019,BDS 2024-FL13,638465350,Wells Fargo Bank,20240926,20250401,26,0,0,24,4.319,2,638465350.27,BDS 2024-FL13,,0
13,BSPD21F1,20250521,WHOLE_LOAN,JPMorgan,20211115,BSPDF 2021-FL1,775000000,Situs Asset Management,20211015,20250401,34,0,1,17,4.32871,4,363907469.83,BSPDF 2021-FL1,,0
14,BRSP21F1,20250521,WHOLE_LOAN,Wells Fargo Securities / Morgan Stanley / Barclays / Goldman Sachs & Co. / Citigroup,20210819,BRSP 2021-FL1,800000000,KeyBank,20210720,20250401,43,0,1,22,4.3267,4,536208474.77,BRSP 2021-FL1,,0
15,BMP24M23,20250521,WHOLE_LOAN,Citigroup / Barclays / Goldman Sachs & Co. / JPMorgan / SMBC Nikko,20240615,BMP Commercial Mortgage Trust 2024-MF23,1125000000,KeyBank,20240604,20250401,1,0,0,21,4.32871,0,1125000000,BMP 2024-MF23,,0
16,BSPT22F8,20250521,WHOLE_LOAN,Barclays / Wells Fargo Securities,20220315,BSPRT 2022-FL8,1200000000,Situs Asset Management,20220215,20250401,58,0,1,18,4.323,4,814242299.26,BSPRT 2022-FL8,,0
17,BSPT22F9,20250521,WHOLE_LOAN,Wells Fargo Securities / Barclays,20220715,BSPRT 2022-FL9,803161511,Situs Asset Management,20220629,20250401,71,0,1,17,4.32871,4,521944574.39,BSPRT 2022-FL9,,0
18,BSPT21F6,20250521,WHOLE_LOAN,Wells Fargo Securities / Barclays,20210415,BSPRT 2021-FL6,700000000,Situs Asset Management,20210325,20250401,115,0,1,18,4.32871,4,365561359.39,BSPRT 2021-FL6,,0
19,BSPT21F7,20250521,WHOLE_LOAN,Wells Fargo Securities / Barclays Capital,20220115,BSPRT 2021-FL7,900000000,Situs Asset Management,20211221,20250401,70,0,1,18,4.32871,4,557333787.23,BSPRT 2021-FL7,,0
20,BWY13155,20250521,WHOLE_LOAN,"Deutsche Bank Securities / Goldman, Sachs / Guggenheim Securities",20130410,BWAY 2013-1515,900000000,Wells Fargo Bank,20130306,20250401,1,0,0,16,,0,733658417.68,BWAY 2013-1515,,0
21,BXT22PSB,20250521,WHOLE_LOAN,BofA Securities / Barclays / Citigroup / Morgan Stanley / Societe Generale,20220915,BX Trust 2022-PSB,2733620000,KeyBank,20220815,20250401,1,0,0,25,4.32871,0,1531117762.57,BX 2022-PSB,,0
22,BXT19O11,20250521,WHOLE_LOAN,Morgan Stanley / Citigroup / JPMorgan,20200109,BX Trust 2019-OC11,3010000000,KeyBank,20191212,20250401,1,0,0,29,,1,1910000000,BX 2019-OC11,,0
23,BXC20VI3,20250521,WHOLE_LOAN,Citigroup / Deutsche Bank Securities / Societe Generale / Barclays,20201009,BX Commercial Mortgage Trust 2020-VIV3,3000000000,KeyBank,20200924,20250401,1,0,0,26,,1,430715000,BX 2020-VIV3,,0
24,BXT21M1,20250521,WHOLE_LOAN,Morgan Stanley / Deutsche Bank Securities,20210215,BX Trust 2021-MFM1,477000000,KeyBank,20210119,20250401,1,0,0,29,4.32852,0,259651987.38,BX 2021-MFM1,,0
25,BXM20FL3,20250521,WHOLE_LOAN,Wells Fargo Securities / Barclays / BofA Securities / Citigroup / Deutsche Bank,20201215,BXMT 2020-FL3,1000000000,Midland Loan Services,20201103,20250401,26,0,0,23,4.32867,2,656074129.47,BXMT 2020-FL3,,0
26,BXM21FL4,20250521,WHOLE_LOAN,Citigroup,20210515,BXMT 2021-FL4,1000000000,Midland Loan Services,20210416,20250401,42,0,0,23,4.32867,2,866398894.65,BXMT 2021-FL4,,0
27,BXHP21FM,20250521,WHOLE_LOAN,Barclays / BofA Securities / Wells Fargo Securities / Societe Generale,20210915,BXHPP Trust 2021-FILM,1100000000,Wells Fargo Bank,20210826,20250401,1,0,0,26,4.32852,0,1100000000,BXHPP 2021-FILM,,0
28,BXC21VLT,20250521,WHOLE_LOAN,Citigroup / Deutsche Bank Securities / Goldman Sachs & Co. / Barclays,20211015,BX Commercial Mortgage Trust 2021-VOLT,3200000000,KeyBank,20210929,20250401,1,0,0,31,4.32852,0,3200000000,BX 2021-VOLT,,0
29,BXMT23DC,20250521,WHOLE_LOAN,Barclays / BofA Securities / BMO Capital Markets / JPMorgan / Societe Generale,20230715,BX 2023-DELC Mortgage Trust,950000000,KeyBank,20230609,20250401,1,0,0,12,4.32871,0,950000000,BX 2023-DELCX,,0
30,BXC22LP2,20250521,WHOLE_LOAN,Citigroup / BMO Capital Markets / Morgan Stanley / BofA Securities,20220315,BX Commercial Mortgage Trust 2022-LP2,2430000000,KeyBank,20220222,20250401,1,0,0,28,4.32871,0,1606131202.5,BX 2022-LP2,,0
31,BXT24VL4,20250521,WHOLE_LOAN,Goldman Sachs & Co. / Barclays / Citigroup / Morgan Stanley / Wells Fargo Securities / BofA Securities / BNP Paribas / Mizuho,20240715,BX Trust 2024-VLT4,1400000000,Midland Loan Services,20240618,20250401,1,0,0,25,4.32871,0,1400000000,BX 2024-VLT4,,0
32,BRSP24F2,20250521,WHOLE_LOAN,Morgan Stanley / Wells Fargo Securities / Barclays / Citigroup,20240919,BRSP 2024-FL2,675000000,KeyBank,20240815,20250401,27,0,1,23,4.323,4,672701118.7,BRSP 2024-FL2,,0
33,BXC24AR2,20250521,WHOLE_LOAN,Wells Fargo Securities / BMO Capital Markets / Goldman Sachs & Co. / JPMorgan / Barclays / BofA Securities / Morgan Stanley / Deutsche Bank Securities / Societe Generale,20241015,BX Commercial Mortgage Trust 2024-AIR2,1050000000,Wells Fargo Bank,20240926,20250401,1,0,0,23,4.329,0,1007139149.12,BX 2024-AIR2,,0
34,BSPT2411,20250521,WHOLE_LOAN,Barclays Capital / JPMorgan / Wells Fargo Securities,20241015,BSPRT 2024-FL11,1024482003,Situs Asset Management,20240926,20250401,29,0,1,20,4.32871,4,991364881.52,BSPRT 2024-FL11,,0
35,BNK17B6,20250521,WHOLE_LOAN,BofA Merrill Lynch / Morgan Stanley / Wells Fargo Securities / Drexel Hamilton,20170815,Bank 2017-BNK6,4130808926,NCB / Wells Fargo,20170727,20250401,72,0,0,66,,5,768079457.44,BANK 2017-BNK6,,0
36,BACM15U7,20250521,WHOLE_LOAN,BofA Merrill Lynch / UBS Securities / Drexel Hamilton,20151015,Banc of America Merrill Lynch Commercial Mortgage Inc. Series 2015-UBS7,757280331,Midland Loan Services,20150924,20250401,42,0,0,24,,0,542861275.09,BACM 2015-UBS7,,0
37,BAM16U10,20250521,WHOLE_LOAN,BofA Merrill Lynch / UBS Securities / Barclays / Morgan Stanley / Drexel Hamilton,20160715,Bank of America Merrill Lynch Commercial Mortgage Trust 2016-UBS10,876260056,Wells Fargo Bank,20160607,20250401,52,0,0,25,,0,565083459.33,BACM 2016-UB10,,0
38,BACM17B3,20250521,WHOLE_LOAN,BofA Merrill Lynch / Morgan Stanley / Wells Fargo Securities / Drexel Hamilton,20170315,Banc of America Merrill Lynch Commercial Mortgage Inc. Series 2017-BNK3,1718342637.52,Wells Fargo Bank,20170216,20250401,63,0,0,44,,4,865990714.17,BACM 2017-BNK3,,0
39,BNK20B25,20250521,WHOLE_LOAN,Wells Fargo Securities / BofA Securities / Morgan Stanley / Academy Securities / Drexel Hamilton,20200315,Bank 2020-BNK25,7764271867,NCB / Wells Fargo,20200213,20250401,77,0,0,63,,6,1562353267.06,BANK 2020-BN25,,0
40,BNK20B27,20250521,WHOLE_LOAN,BofA Securities / Morgan Stanley / Wells Fargo Securities / Academy Securities / Drexel Hamilton,20200715,Bank 2020-BNK27,6599857667.4,Wells Fargo Bank,20200626,20250401,36,0,0,76,,6,615350530.29,BANK 2020-BN27,,0
41,BNK19B18,20250521,WHOLE_LOAN,BofA Merrill Lynch / Morgan Stanley / Wells Fargo Securities / Academy Securities / Drexel Hamilton,20190615,Bank 2019-BNK18,1404979969.49,NCB / Wells Fargo,20190531,20250401,56,0,0,47,,4,1012522023.92,BANK 2019-BN18,,0
42,BNK19B17,20250521,WHOLE_LOAN,Morgan Stanley / BofA Merrill Lynch / Wells Fargo Securities / Academy Securities / Drexel Hamilton,20190515,Bank 2019-BNK17,1132026562.28,Wells Fargo Bank,20190404,20250401,49,0,0,54,,5,797334782.72,BANK 2019-BN17,,0
43,BNK18B10,20250521,WHOLE_LOAN,Wells Fargo Securities / BofA Merrill Lynch / Morgan Stanley / Academy Securities,20180315,Bank 2018-BNK10,1287148920,NCB / Wells Fargo,20180213,20250401,68,0,0,31,,0,1209303105.69,BANK 2018-BN10,,0
44,BNK19B16,20250521,WHOLE_LOAN,Wells Fargo Securities / BofA Merrill Lynch / Morgan Stanley / Academy Securities / Drexel Hamilton,20190315,Bank 2019-BNK16,1619841841.06,Wells Fargo Bank / National Cooperative Bank,20190221,20250401,69,0,0,45,,3,906134457.95,BANK 2019-BN16,,0
45,BNK19B19,20250521,WHOLE_LOAN,Wells Fargo Securities / BofA Merrill Lynch / Morgan Stanley / Academy Securities / Drexel Hamilton,20190915,Bank 2019-BNK19,3978070079,NCB / Wells Fargo,20190808,20250401,73,0,0,54,,5,1271511628.96,BANK 2019-BN19,,0
46,BNK19B22,20250521,WHOLE_LOAN,Wells Fargo Securities / BofA Securities / Morgan Stanley / Academy Securities / Drexel Hamilton,20191215,Bank 2019-BNK22,1638673723.79,NCB / Wells Fargo,20191115,20250401,58,0,0,42,,3,1176062425.31,BANK 2019-BN22,,0
47,BNK17B4,20250521,WHOLE_LOAN,Wells Fargo Securities / BofA Merrill Lynch / Morgan Stanley / Academy Securities,20170515,Bank 2017-BNK4,1008188843.06,Wells Fargo Bank,20170419,20250401,48,0,0,28,,0,846838749.22,BANK 2017-BNK4,,0
48,BNK19B23,20250521,WHOLE_LOAN,Morgan Stanley / BofA Merrill Lynch / Wells Fargo Securities / Academy Securities / Drexel Hamilton,20200115,Bank 2019-BNK23,3557022413.72,Wells Fargo Bank,20191210,20250401,47,0,0,53,,5,1268457204.97,BANK 2019-BN23,,0
49,BDS25F14,20250521,WHOLE_LOAN,Goldman Sachs & Co. / Wells Fargo Securities / Santander / Morgan Stanley & Co. / Academy Securities,20250421,BDS 2025-FL14,800000000,Trimont,20250313,20250401,19,0,1,29,4.319,4,729296076.07,BDS 2025-FL14,,0
50,BDS21F10,20250521,WHOLE_LOAN,Wells Fargo Securities / Goldman Sachs & Co. / JPMorgan / Amherst Pierpont / Ramirez & Company,20220118,BDS 2021-FL10,1232112184,Wells Fargo Bank,20211202,20250401,47,0,1,16,4.3267,4,941090394.48,BDS 2021-FL10,,0
51,BCMK18B3,20250521,WHOLE_LOAN,Citigroup / JPMorgan / Deutsche Bank Securities / Drexel Hamilton,20180510,Benchmark 2018-B3 Commercial Mortgage Trust,1342262514.65,Midland Loan Services,20180410,20250401,45,0,0,36,,3,809390825.98,BMARK 2018-B3,,0
52,BCMK18B2,20250521,WHOLE_LOAN,JPMorgan / Citigroup / Deutsche Bank Securities / Drexel Hamilton / Academy Securities,20180315,Benchmark 2018-B2 Mortgage Trust,2753013898,KeyBank,20180227,20250401,57,0,0,84,,10,1094890982.9,BMARK 2018-B2,,0
53,BCMK18B4,20250521,WHOLE_LOAN,Deutsche Bank Securities / Citi / JPMorgan / Drexel Hamilton / Academy Securities,20180815,Benchmark 2018-B4 Commercial Mortgage Trust,3939480279,Wells Fargo Bank,20180713,20250401,44,0,0,56,,6,1008124840.71,BMARK 2018-B4,,0
54,BCMK9B11,20250521,WHOLE_LOAN,JPMorgan / Citigroup Global Markets / Deutsche Bank Securities,20190715,Benchmark 2019-B11 Commercial Mortgage Trust,2823353875,Midland Loan Services,20190617,20250401,40,0,0,62,,6,989326416.32,BMARK 2019-B11,,0
55,BCMK18B6,20250521,WHOLE_LOAN,Citigroup / Deutsche Bank Securities / JPMorgan / Drexel Hamilton / Williams Capital Group,20181110,Benchmark 2018-B6 Commercial Mortgage Trust,4249029582,KeyBank,20181009,20250401,55,0,0,51,,5,1046023497.43,BMARK 2018-B6,,0
56,BCMK18B1,20250521,WHOLE_LOAN,Deutsche Bank Securities / Citigroup / JPMorgan,20180215,Benchmark 2018-B1 Mortgage Trust,2537278007.75,Wells Fargo Bank,20180131,20250401,49,0,0,45,,4,826731642.89,BMARK 2018-B1,,0
57,BCMK20I3,20250521,WHOLE_LOAN,JPMorgan / Goldman Sachs & Co. / Deutsche Bank Securities / Citibank / Drexel Hamilton,20200615,Benchmark 2020-IG3 Commercial Mortgage Trust,4675600753.82,Midland Loan Services,20200529,20250401,10,0,0,112,,14,519634896.73,BMARK 2020-IG3,,0
58,BCMK18B7,20250521,WHOLE_LOAN,Deutsche Bank / JPMorgan / Citigroup / Drexel Hamilton / Academy Securities,20181215,Benchmark 2018-B7 Commercial Mortgage Trust,4840914680.16,KeyBank,20181128,20250401,51,0,0,59,,6,1091017789.43,BMARK 2018-B7,,0
59,BCMK18B8,20250521,WHOLE_LOAN,"JPMorgan / Citigroup / Goldman, Sachs & Co. / Deutsche Bank Securities / Drexel Hamilton / Academy Securities",20190115,Benchmark 2018-B8 Commercial Mortgage Trust,4269017462,Midland Loan Services,20181227,20250401,41,0,0,49,,5,955826047,BMARK 2018-B8,,0
60,BCMK9B10,20250521,WHOLE_LOAN,Deutsche Bank Securities / JPMorgan / Citigroup / Academy Securities / Drexel Hamilton,20190515,Benchmark 2019-B10 Commercial Mortgage Trust,2513000362.94,KeyBank National Association,20190411,20250401,46,0,0,61,,7,983569283.21,BMARK 2019-B10,,0
61,BCMK9B14,20250521,WHOLE_LOAN,JPMorgan / Citigroup / Deutsche Bank Securities / Drexel Hamilton / Academy Securities,20191215,Benchmark 2019-B14 Commercial Mortgage Trust,3424964753,Midland Loan Services,20191121,20250401,53,0,0,76,,9,1221807582.84,BMARK 2019-B14,,0
62,BCMK0B18,20250521,WHOLE_LOAN,Deutsche Bank Securities / Goldman Sachs & Co. / Citigroup / JPMorgan / AmeriVet Securities / Drexel Hamilton,20200815,Benchmark 2020-B18 Commercial Mortgage Trust,10114613108,Midland Loan Services,20200731,20250401,37,0,0,107,,12,867976637.97,BMARK 2020-B18,,0
63,BXC24AIR,20250521,WHOLE_LOAN,Wells Fargo Securities / BMO Capital Markets / Goldman Sachs & Co. / JPMorgan / Barclays / BofA Securities / Morgan Stanley / Deutsche Bank Securities / Societe Generale,20240915,BX Commercial Mortgage Trust 2024-AIRC,2950000000,Wells Fargo Bank,20240815,20250401,1,0,0,22,4.329,0,2863622590.9,BX 2024-AIRC,,0
64,BXM20FL2,20250521,WHOLE_LOAN,"Wells Fargo Securities / Barclays / BofA Securities / Citigroup / Deutsche Bank Securities / Goldman, Sachs & Co. / JPMS",20200315,BXMT 2020-FL2,1500000000,Midland Loan Services,20200219,20250401,34,0,0,14,4.32867,2,843232480.77,BXMT 2020-FL2,,0
65,CD17CD6,20250521,WHOLE_LOAN,Deutsche Bank Securities / Citigroup / JPMorgan,20171213,CD 2017-CD6 Mortgage Trust,2201925721,Wells Fargo Bank,20171130,20250401,58,0,0,42,,4,841376534.96,CD 2017-CD6,,0
66,CD18CD7,20250521,WHOLE_LOAN,Deutsche Bank Securities / Cantor Fitzgerald & Company / Citigroup / Drexel Hamilton / Academy Securities,20180915,CD 2018-CD7 Mortgage Trust,2460442712,KeyBank,20180824,20250401,42,0,0,38,,4,678590143.75,CD 2018-CD7,,0
67,CD16CD1,20250521,WHOLE_LOAN,Deutsche Bank Securities / Citigroup / JPMorgan,20160910,CD 2016-CD1 Mortgage Trust,2315219985,Midland Loan Services,20160825,20250401,32,0,0,46,,5,569159331.52,CD 2016-CD1,,0
68,CD16CD2,20250521,WHOLE_LOAN,Deutsche Bank Securities / Citigroup / Academy Securities,20170110,CD 2016-CD2 Mortgage Trust,2021891857,Wells Fargo Bank,20161208,20250401,30,0,0,50,,4,853393604.79,CD 2016-CD2,,0
69,CD17CD4,20250521,WHOLE_LOAN,Deutsche Bank Securities / Citigroup / JPMorgan / Academy Securities,20170610,CD 2017-CD4 Mortgage Trust,2118825312,Midland Loan Services,20170517,20250401,47,0,0,48,,3,719504228.18,CD 2017-CD4,,0
70,CD17CD3,20250521,WHOLE_LOAN,Citigroup / Deutsche Bank Securities / Drexel Hamilton,20170310,CD 2017-CD3 Mortgage Trust,2863484158,Midland Loan Services,20170214,20250401,52,0,0,51,,4,1147581435.88,CD 2017-CD3,,0
71,CF19CF1,20250521,WHOLE_LOAN,Cantor Fitzgerald & Company / KeyBanc Capital Markets / Deutsche Bank Securities / CIBC World Markets / Drexel Hamilton / CastleOak Securities,20190515,CF 2019-CF1 Mortgage Trust,1435465088,KeyBank National Association,20190430,20250401,37,0,0,64,,7,641397387.89,CF 2019-CF1,,0
72,CF19CF3,20250521,WHOLE_LOAN,Cantor Fitzgerald & Company / KeyBanc Capital Markets / Deutsche Bank Securities / CastleOak Securities / Drexel Hamilton,20200115,CF 2019-CF3 Mortgage Trust,3070528204,Midland Loan Services,20191220,20250401,48,0,0,59,,6,762179371.53,CF 2019-CF3,,0
73,CFCR16C3,20250521,WHOLE_LOAN,"Cantor Fitzgerald / Societe Generale / CastleOak Securities / Citigroup / Goldman, Sachs",20160210,CFCRE Commercial Mortgage Trust 2016-C3,703551602,Wells Fargo Bank,20160128,20250401,38,0,0,26,,0,530612127.71,CFCRE 2016-C3,,0
74,CFCR16C4,20250521,WHOLE_LOAN,"Cantor Fitzgerald / Societe Generale / CastleOak Securities / Citigroup / Goldman, Sachs",20160610,CFCRE 2016-C4 Mortgage Trust,839968889,Wells Fargo Bank,20160518,20250401,50,0,0,29,,2,629468303.6,CFCRE 2016-C4,,0
75,CFCR16C6,20250521,WHOLE_LOAN,Cantor Fitzgerald / Societe Generale / CastleOak Securities / Citigroup,20161210,CFCRE Commercial Mortgage Trust 2016-C6,1133544880,Wells Fargo Bank,20161122,20250401,45,0,0,32,,3,703760183.19,CFCRE 2016-C6,,0
76,COM14UB4,20250521,WHOLE_LOAN,Deutsche Bank Securities / Cantor Fitzgerald / UBS Securities / CastleOak Securities / Drexel Hamilton / Guggenheim Securities / KeyBanc Capital Markets,20140810,COMM 2014-UBS4,1288301798,Midland Loan Services,20140731,20250401,91,0,0,25,,0,364580777.81,COMM 2014-UBS4,,0
77,COM14C16,20250521,WHOLE_LOAN,Deutsche Bank Securities / Cantor Fitzgerald & Company / CastleOak Securities / Credit Suisse / KeyBanc Capital Markets,20140510,COMM 2014-CCRE16 Mortgage Trust,1063836908,KeyBank,20140409,20250401,56,0,0,23,,0,181780289.85,COMM 2014-CR16,,0
78,COM15C22,20250521,WHOLE_LOAN,Deutsche Bank Securities / Cantor Fitzgerald & Company / Natixis Securities Americas / CastleOak Securities / Guggenheim Securities / KeyBanc Capital Markets,20150410,COMM 2015-CCRE22 Mortgage Trust,1296489958,Wells Fargo Bank,20150325,20250401,65,0,0,24,,0,423599348.65,COMM 2015-CR22,,0
79,COM15L21,20250521,WHOLE_LOAN,"Deutsche Bank Securities / Cantor Fitzgerald / KeyBanc Capital Markets / Goldman, Sachs",20150710,COMM 2015-LC21,1894840997.4,Midland Loan Services,20150618,20250401,104,0,0,43,,3,611900604.87,COMM 2015-LC21,,0
80,COM15C24,20250521,WHOLE_LOAN,Deutsche Bank Securities / Cantor Fitzgerald / CastleOak Securities / Citigroup,20150910,COMM 2015-CCRE24 Mortgage Trust,1677520926.71,Wells Fargo Bank,20150806,20250401,81,0,0,39,,3,857222293.24,COMM 2015-CR24,,0
81,COM15C25,20250521,WHOLE_LOAN,"Deutsche Bank Securities / Cantor Fitzgerald / KeyBanc Capital Markets / CastleOak Securities / Drexel Hamilton / Goldman, Sachs",20150910,COMM 2015-CCRE25 Mortgage Trust,1441410434,Wells Fargo Bank,20150825,20250401,84,0,0,41,,4,746608718.82,COMM 2015-CR25,,0
82,COM15C26,20250521,WHOLE_LOAN,Deutsche Bank Securities / Cantor Fitzgerald / Jefferies / CastleOak Securities,20151110,COMM 2015-CCRE26 Mortgage Trust,2095895914.19,Wells Fargo Bank,20151008,20250401,60,0,0,38,,3,781356280.27,COMM 2015-CR26,,0
83,CS16NXSR,20250521,WHOLE_LOAN,Credit Suisse / Natixis Securities Americas / UBS Securities,20170115,CSMC 2016-NXSR Trust,606832039,Wells Fargo Bank,20161222,20250401,33,0,0,30,,0,453579296.98,CSMC 2016-NXSR,,0
84,CSI17C08,20250521,WHOLE_LOAN,Credit Suisse / Natixis / HSBC,20170715,CSAIL 2017-C8 Commercial Mortgage Trust,2426521496,Wells Fargo Bank,20170629,20250401,32,0,0,97,,8,588821674.81,CSAIL 2017-C8,,0
85,COM17CR2,20250521,WHOLE_LOAN,Deutsche Bank Securities / Citigroup / Jefferies / Academy Securities,20171010,COMM 2017-COR2 Mortgage Trust,1426480327,Midland Loan Services,20170928,20250401,42,0,0,32,,3,829172867.04,COMM 2017-COR2,,0
86,CSI17CX9,20250521,WHOLE_LOAN,Credit Suisse / Natixis,20171015,CSAIL 2017-CX9 Commercial Mortgage Trust,2915613227,KeyBank,20170929,20250401,31,0,0,114,,9,495085957.04,CSAIL 2017-CX9,,0
87,CSI17C10,20250521,WHOLE_LOAN,Credit Suisse / Natixis,20171215,CSAIL 2017-CX10 Commercial Mortgage Trust,1734749491,KeyBank,20171130,20250401,31,0,0,130,,9,659042796.3,CSAIL 2017-CX10,,0
88,CS17PFHP,20250521,WHOLE_LOAN,Credit Suisse,20180115,CSMC Trust 2017-PFHP,240000000,Wells Fargo Bank,20171219,20250401,2,0,0,15,4.329,0,236000000,CSMC 2017-PFHP,,0
89,COM18CR3,20250521,WHOLE_LOAN,Deutsche Bank Securities / JPMorgan / Citigroup / Jefferies / Academy Securities,20180610,COMM 2018-COR3 Mortgage Trust,1052132811,Midland Loan Services,20180522,20250401,41,0,0,31,,3,976511760.24,COMM 2018-COR3,,0
90,CSI18C14,20250521,WHOLE_LOAN,Credit Suisse / Natixis,20181215,CSAIL 2018-C14 Commercial Mortgage Trust,1674253731,Wells Fargo Bank,20181129,20250401,44,0,0,51,,5,642350911.9,CSAIL 2018-C14,,0
91,CSI19C16,20250521,WHOLE_LOAN,Credit Suisse / Societe Generale / CIBC World Markets,20190715,CSAIL 2019-C16 Commercial Mortgage Trust,1852509331,Midland Loan Services,20190627,20250401,47,0,0,48,,5,759183407.31,CSAIL 2019-C16,,0
92,COM12CC3,20250521,WHOLE_LOAN,Deutsche Bank Securities / Cantor Fitzgerald / CastleOak Securities / RBS,20121115,COMM 2012-CCRE3 Mortgage Trust,1251413606,Wells Fargo Bank,20121018,20250401,50,0,0,27,,0,173368380.77,COMM 2012-CR3,,0
93,COM13C11,20250521,WHOLE_LOAN,Deutsche Bank Securities / RBS / Guggenheim Securities,20131110,COMM 2013-CCRE11 Mortgage Trust,1269818466,Midland Loan Services,20131008,20250401,46,0,0,22,,0,131369813.64,COMM 2013-CR11,,0
94,CSI15C01,20250521,WHOLE_LOAN,Credit Suisse / Wells Fargo Securities,20150415,CSAIL 2015-C1 Commercial Mortgage Trust,1213516215,KeyBank,20150320,20250401,82,0,0,23,,0,296494737.73,CSAIL 2015-C1,,0
95,COM13C13,20250521,WHOLE_LOAN,Deutsche Bank Securities / Cantor Fitzgerald / CastleOak Securities / Nomura / Key Capital Markets,20140110,COMM 2013-CCRE13 Mortgage Trust,1220467197,Wells Fargo Bank,20131220,20250401,54,0,0,37,,5,130728982.04,COMM 2013-CR13,,0
96,COM15C27,20250521,WHOLE_LOAN,"Deutsche Bank Securities / Cantor Fitzgerald / KeyBanc Capital Markets / Goldman, Sachs / CastleOak Securities",20151110,COMM 2015-CCRE27 Mortgage Trust,1936617392.72,Midland Loan Services,20151029,20250401,65,0,0,37,,3,741308914.72,COMM 2015-CR27,,0
97,CSI16C06,20250521,WHOLE_LOAN,Credit Suisse / Academy Securities,20160615,CSAIL 2016-C6 Commercial Mortgage Trust,2566967461,KeyBank,20160526,20250401,50,0,0,41,,4,517326370.32,CSAIL 2016-C6,,0
98,CS14USA,20250521,WHOLE_LOAN,Credit Suisse / Citigroup / Wells Fargo Securities / RBC Capital Markets,20141015,CSMC Trust 2014-USA,1400000000,Wells Fargo Bank,20140930,20250401,1,0,0,14,,0,1385591387,CSMC 2014-USA,,0
99,CS17CHOP,20250521,WHOLE_LOAN,Credit Suisse,20170715,CSMC 2017-CHOP,780000000,Wells Fargo Bank,20170628,20250401,1,0,0,16,,0,619616988,CSMC 2017-CHOP,,0
100,CTG16G37,20250521,WHOLE_LOAN,"Citigroup / Goldman, Sachs & Co. / Academy Securities",20160510,Citigroup Commercial Mortgage Trust 2016-GC37,694726724,Wells Fargo Bank,20160426,20250401,54,0,0,22,,0,525266341.43,CGCMT 2016-GC37,,0
101,CTG16C02,20250521,WHOLE_LOAN,Citigroup / Drexel Hamilton,20160910,Citigroup Commercial Mortgage Trust 2016-C2,609165022,Midland Loan Services,20160830,20250401,44,0,0,33,,0,537979730.56,CGCMT 2016-C2,,0
102,CTG18C05,20250521,WHOLE_LOAN,Citigroup Global Markets / Cantor Fitzgerald & Company / Williams Capital Group,20180710,Citigroup Commercial Mortgage Trust 2018-C5,971238381,Midland Loan Services,20180621,20250401,40,0,0,41,,4,549312409.94,CGCMT 2018-C5,,0
103,CTG15G29,20250521,WHOLE_LOAN,"Citigroup / Goldman, Sachs / Deutsche Bank Securities / Drexel Hamilton",20150510,Citigroup Commercial Mortgage Trust 2015-GC29,1118523505,Midland Loan Services,20150415,20250401,86,0,0,24,,0,280577385.82,CGCMT 2015-GC29,,0
104,CTG15G35,20250521,WHOLE_LOAN,"Citigroup / Goldman, Sachs / Deutsche Bank Securities / Drexel Hamilton",20160110,Citigroup Commercial Mortgage Trust 2015-GC35,1655171053,Midland Loan Services,20151208,20250401,64,0,0,38,,3,925803933.58,CGCMT 2015-GC35,,0
105,CTG16G36,20250521,WHOLE_LOAN,"Citigroup / Goldman, Sachs / Cantor Fitzgerald / Drexel Hamilton",20160310,Citigroup Commercial Mortgage Trust 2016-GC36,1155934829,KeyBank,20160217,20250401,58,0,0,24,,0,1001817658.7,CGCMT 2016-GC36,,0
106,CTG16P5,20250521,WHOLE_LOAN,Citigroup / Barclays / Drexel Hamilton,20161110,Citigroup Commercial Mortgage Trust 2016-P5,1572433420,Midland Loan Services,20161018,20250401,49,0,0,32,,3,739526703.97,CGCMT 2016-P5,,0
107,CTG16C03,20250521,WHOLE_LOAN,Citigroup / Barclays / Cantor Fitzgerald / Academy Securities,20161215,Citigroup Commercial Mortgage Trust 2016-C3,1137492189,Midland Loan Services,20161117,20250401,44,0,0,35,,3,580081083.41,CGCMT 2016-C3,,0
108,CTG17P7,20250521,WHOLE_LOAN,Citigroup / Drexel Hamilton,20170514,Citigroup Commercial Mortgage Trust 2017-P7,1150525330,Wells Fargo Bank,20170418,20250401,46,0,0,61,,3,844752787.79,CGCMT 2017-P7,,0
109,CTG17B1,20250521,WHOLE_LOAN,Citigroup / BofA Merrill Lynch / Morgan Stanley,20170915,Citigroup Commercial Mortgage Trust 2017-B1,3713424078,Wells Fargo Bank,20170828,20250401,48,0,0,53,,4,826892950.66,CGCMT 2017-B1,,0
110,CTG18C06,20250521,WHOLE_LOAN,Citigroup / Cantor Fitzgerald & Company / Drexel Hamilton / Williams Capital Group,20190110,Citigroup Commercial Mortgage Trust 2018-C6,1101399173,Wells Fargo Bank,20181211,20250401,35,0,0,41,,4,684842235.51,CGCMT 2018-C6,,0
111,CTG19G41,20250521,WHOLE_LOAN,"Citigroup / Deutsche Bank Securities / Goldman, Sachs & Co. / Bancroft Capital / Drexel Hamilton",20190910,Citigroup Commercial Mortgage Trust 2019-GC41,4086384964,Midland Loan Services,20190820,20250401,43,0,0,60,,6,1190899472.52,CGCMT 2019-GC41,,0
112,CTG19G43,20250521,WHOLE_LOAN,"Citigroup / Goldman, Sachs & Co. / Academy Securities / Deutsche Bank Securities / Drexel Hamilton",20191210,Citigroup Commercial Mortgage Trust 2019-GC43,3187088550,Wells Fargo Bank,20191113,20250401,34,0,0,46,,4,883270455.41,CGCMT 2019-GC43,,0
113,COM15L19,20250521,WHOLE_LOAN,"Deutsche Bank Securities / Cantor Fitzgerald / KeyBanc Capital Markets / Goldman, Sachs",20150310,COMM 2015-LC19,1423095880,Midland Loan Services,20150204,20250401,59,0,0,24,,0,349986740.58,COMM 2015-LC19,,0
114,COM18HOM,20250521,WHOLE_LOAN,Deutsche Bank Securities,20180710,COMM 2018-HOME Mortgage Trust,917000000,Wells Fargo Bank,20180619,20250401,3,0,0,29,,4,390000000,COMM 2018-HOME,,0
115,CSI19C15,20250521,WHOLE_LOAN,Credit Suisse / Societe Generale,20190415,CSAIL 2019-C15 Commercial Mortgage Trust,1854571166,Midland Loan Services,20190306,20250401,36,0,0,50,,5,745778898.25,CSAIL 2019-C15,,0
116,DBGS18C1,20250521,WHOLE_LOAN,"Deutsche Bank Securities / Goldman, Sachs & Co. / Academy Securities / Drexel Hamilton",20181115,DBGS 2018-C1 Mortgage Trust,3813046358.85,Wells Fargo Bank,20181030,20250401,37,0,0,70,,8,976109992.51,DBGS 2018-C1,,0
117,DBG91735,20250521,WHOLE_LOAN,"Deutsche Bank Securities / Goldman, Sachs & Co.",20190510,DBGS 2019-1735 Mortgage Trust,311375000,KeyBank,20190418,20250401,1,0,0,15,,0,311375000,DBGS 2019-1735,,0
118,DBJ17C06,20250521,WHOLE_LOAN,Deutsche Bank Securities / JPMorgan,20170710,DBJPM 2017-C6 Mortgage Trust,3491869404,Midland Loan Services,20170629,20250401,41,0,0,69,,6,830768169.81,DBJPM 2017-C6,,0
119,DBJ16C03,20250521,WHOLE_LOAN,Deutsche Bank Securities / JPMorgan / Academy Securities,20160910,DBJPM  2016-C3 Mortgage Trust,1867738404,Midland Loan Services,20160811,20250401,32,0,0,38,,4,736073520.64,DBJPM 2016-C3,,0
120,ELMT24EM,20250521,WHOLE_LOAN,Goldman Sachs & Co. / BofA Securities,20240710,ELM Trust 2024-ELM,1393000000,Wells Fargo Bank,20240606,20250401,2,0,0,26,,2,1393000000,ELM 2024-ELM,,0
121,CTG16P4,20250521,WHOLE_LOAN,Citigroup / Barclays / Drexel Hamilton,20160810,Citigroup Commercial Mortgage Trust 2016-P4,721157406,Wells Fargo Bank,20160729,20250401,45,0,0,22,,0,620222048.88,CGCMT 2016-P4,,0
122,ESA21ESH,20250521,WHOLE_LOAN,JPMorgan / Deutsche Bank Securities / Citigroup / Drexel Hamilton / Academy Securities,20210715,Extended Stay America Trust 2021-ESH,4650000000,KeyBank,20210708,20250401,1,0,0,34,4.32852,0,3996585659.38,ESA 2021-ESH,,0
123,FREMK734,20250521,WHOLE_LOAN,"Goldman, Sachs & Co. / Wells Fargo Securities / Academy Securities / Credit Suisse / JPMorgan / Nomura",20190525,FREMF 2019-K734 Mortgage Trust,1600430934,Wells Fargo Bank,20190418,20250401,52,0,0,24,,0,1504253536.81,FREMF 2019-K734,,0
124,FREMK736,20250521,WHOLE_LOAN,"Goldman, Sachs & Co. / PNC Capital Markets / Citigroup / Drexel Hamilton / Jefferies / Wells Fargo Securities",20191025,FREMF 2019-K736 Mortgage Trust,1479499486,Midland Loan Services,20190917,20250401,43,0,0,22,,0,1259326421.73,FREMF 2019-K736,,0
125,FREMK737,20250521,WHOLE_LOAN,Wells Fargo Securities / BofA Securities / Barclays / Credit Suisse / Drexel Hamilton / Oppenheimer & Company,20200225,FREMF 2020-K737 Mortgage Trust,1482403201,Midland Loan Services,20200130,20250401,51,0,0,25,,0,1321800421.58,FREMF 2020-K737,,0
126,FREMFK65,20250521,WHOLE_LOAN,Credit Suisse / Amherst Pierpont Securities / Drexel Hamilton / Morgan Stanley / Nomura / Wells Fargo Securities,20170825,FREMF 2017-K65 Mortgage Trust,1307274062,Wells Fargo Bank,20170724,20250401,72,0,0,25,,0,1216759928.48,FREMF 2017-K65,,0
127,FSR21FL2,20250521,WHOLE_LOAN,Goldman Sachs & Co. / Wells Fargo Securities / Barclays,20210516,FS Rialto 2021-FL2,782978230,Wells Fargo Bank,20210505,20250401,42,0,1,22,4.32867,4,612650930.45,FSRIA 2021-FL2,,0
128,FSR21FL3,20250521,WHOLE_LOAN,Barclays Capital / Wells Fargo Securities / Goldman Sachs & Co. / Deutsche Bank Securities,20211116,FS Rialto 2021-FL3,1134028313,Wells Fargo Bank,20211104,20250401,40,0,1,22,4.32867,4,879110465.69,FSRIA 2021-FL3,,0
129,FSR22FL4,20250521,WHOLE_LOAN,Wells Fargo Securities / Barclays Capital / Goldman Sachs & Co.,20220519,FS Rialto 2022-FL4,1081911248,Wells Fargo Bank,20220331,20250401,32,0,1,16,4.323,4,694060466.5,FSRIA 2022-FL4,,0
130,FSR24FL9,20250521,WHOLE_LOAN,Wells Fargo Securities / Goldman Sachs / Barclays / Morgan Stanley / BMO Capital Markets / Natixis / M&T Securities,20241119,FS Rialto 2024-FL9,858499007,Situs Asset Management,20241021,20250401,18,0,1,17,4.321,4,794075992.41,FSRIA 2024-FL9,,0
131,FSR25F10,20250521,WHOLE_LOAN,Goldman Sachs / Barclays / Wells Fargo Securities / Natixis / BMO Capital Markets / Citigroup / JPMorgan,20250319,FS Rialto 2025-FL10 Issuer,1021793515,Wells Fargo Bank,20250219,20250401,23,0,1,18,4.3267,4,967429133.13,FSRIA 2025-FL10,,0
132,FNM19M05,20250521,WHOLE_LOAN,Amherst Pierpont Securities / Credit Suisse / PNC Capital Markets / Ramirez & Company,20190525,Fannie Mae Multifamily REMIC Trust 2019-M5,820990923,Fannie Mae,20190429,20250401,87,0,0,12,,0,729166119.86,FNA 2019-M5,,0
133,FNM19M07,20250521,WHOLE_LOAN,BofA Merrill Lynch / Amherst Pierpont / Brean Capital / Great Pacific Securities,20190625,Fannie Mae Multifamily REMIC Trust 2019-M7,900018694,Fannie Mae,20190530,20250401,65,0,0,12,,0,687275802.26,FNA 2019-M7,,0
134,FNM19M12,20250521,WHOLE_LOAN,Amherst Pierpont Securities,20190825,Fannie Mae Multifamily REMIC Trust 2019-M12,802411232,Fannie Mae,20190730,20250401,58,0,0,13,,0,743743733.76,FNA 2019-M12,,0
135,FNM19M25,20250521,WHOLE_LOAN,Citigroup / Mizuho Securities / Morgan Stanley / Mischler Financial Group,20191225,Fannie Mae Multifamily REMIC Trust 2019-M25,1190075623,Fannie Mae,20191127,20250401,143,0,0,25,,2,895691783.61,FNA 2019-M25,,0
136,FNM19M24,20250521,WHOLE_LOAN,JPMorgan,20191225,Fannie Mae Multifamily REMIC Trust 2019-M24,1015392886,Fannie Mae,20191129,20250401,52,0,0,39,,2,754854182.4,FNA 2019-M24,,0
137,FNM20M10,20250521,WHOLE_LOAN,JPMorgan,20200425,Fannie Mae Multifamily REMIC Trust 2020-M10,2707174434,Fannie Mae,20200331,20250401,689,0,0,84,,11,4294580848.64,FNA 2020-M10,,0
138,FNM20M23,20250521,WHOLE_LOAN,BofA Securities,20200625,Fannie Mae Multifamily REMIC Trust 2020-M23,419812656,Fannie Mae,20200529,20250401,63,0,0,11,,0,276756001.86,FNA 2020-M23,,0
139,FNM20M13,20250521,WHOLE_LOAN,Citigroup,20200525,Fannie Mae Multifamily REMIC Trust 2020-M13,568013838,Fannie Mae,20200427,20250401,158,0,0,39,,3,432874147.12,FNA 2020-M13,,0
140,FNM20M39,20250521,WHOLE_LOAN,BMO Capital Markets,20200925,Fannie Mae Multifamily REMIC Trust 2020-M39,659853000,Fannie Mae,20200828,20250401,107,0,0,29,,3,499990877.88,FNA 2020-M39,,0
141,FNM20M50,20250521,WHOLE_LOAN,BofA Securities,20201125,Fannie Mae Multifamily REMIC Trust 2020-M50,562878182,Fannie Mae,20201030,20250401,48,0,0,10,,0,414236293.33,FNA 2020-M50,,0
142,FNM21M17,20250521,WHOLE_LOAN,Morgan Stanley / Amherst Pierpont / Nomura / Mischler Financial Group,20210825,Fannie Mae Multifamily REMIC Trust 2021-M17,802125117,Fannie Mae,20210730,20250401,65,0,0,11,,0,755038176.3,FNA 2021-M17,,0
143,FNM21M21,20250521,WHOLE_LOAN,JPMorgan,20211225,Fannie Mae Multifamily REMIC Trust 2021-M21,285976599,Fannie Mae,20211130,20250401,17,0,0,7,,0,166471563.73,FNA 2021-M21,,0
144,FNM21M23,20250521,WHOLE_LOAN,BMO Capital Markets,20220125,Fannie Mae Multifamily REMIC Trust 2021-M23,162342231,Fannie Mae,20211230,20250401,27,0,0,12,,0,149781541.02,FNA 2021-M23,,0
145,FNM22M04,20250521,WHOLE_LOAN,JPMorgan,20220325,Fannie Mae Multifamily REMIC Trust 2022-M4,1227696697,Fannie Mae,20220228,20250401,60,0,0,25,,2,1128507777.88,FNA 2022-M4,,0
146,FRTC22F3,20250521,WHOLE_LOAN,Goldman Sachs & Co. / UBS Securities,20220323,FORT CRE 2022-FL3 Issuer,1114932094,Wells Fargo Bank,20220224,20250401,30,0,1,19,4.323,4,667890797.72,FORT 2022-FL3,,0
147,GS213PEM,20250521,WHOLE_LOAN,"Goldman, Sachs",20130505,GS Mortgage Securities Corporation Trust 2013-PEMB,260000000,Keycorp Real Estate Capital Markets,20130426,20250401,1,0,0,9,,0,260000000,GSMS 2013-PEMB,,0
148,GS213G13,20250521,WHOLE_LOAN,"Goldman, Sachs / Citigroup / Drexel Hamilton / RBS",20130810,GS Mortgage Securities Trust 2013-GC13,1333938540,Wells Fargo Bank,20130731,20250401,67,0,0,22,,0,332952930.94,GSMS 2013-GC13,,0
149,GS218G10,20250521,WHOLE_LOAN,"Goldman, Sachs & Co. / Academy Securities",20180810,GS Mortgage Securities Trust 2018-GS10,932334782,Wells Fargo Bank,20180730,20250401,33,0,0,52,,6,788026818.66,GSMS 2018-GS10,,0
150,GS216GS3,20250521,WHOLE_LOAN,"Goldman, Sachs & Co. / Academy Securities / Citigroup / Drexel Hamilton",20161010,GS Mortgage Securities Trust 2016-GS3,2618588502,Midland Loan Services,20160930,20250401,34,0,0,58,,8,887223367.04,GSMS 2016-GS3,,0
151,GS216GS4,20250521,WHOLE_LOAN,"Goldman, Sachs / Academy Securities / Drexel Hamilton / Morgan Stanley",20161210,GS Mortgage Securities Trust 2016-GS4,1615247204,Wells Fargo Bank,20161130,20250401,33,0,0,73,,8,747515315.84,GSMS 2016-GS4,,0
152,GS215GS1,20250521,WHOLE_LOAN,"Goldman, Sachs / Cantor Fitzgerald / Drexel Hamilton",20151210,GS Mortgage Securities Trust 2015-GS1,1370603932,Midland Loan Services,20151201,20250401,39,0,0,36,,3,678667926.95,GSMS 2015-GS1,,0
153,GS219G38,20250521,WHOLE_LOAN,"Goldman, Sachs & Co. / Citigroup / Academy Securities / Drexel Hamilton",20190310,"GS Mortgage Securities Corp II,  Commercial Pass-Through Certificates, Series 2019-GC38",756444365,Wells Fargo Bank,20190227,20250401,36,0,0,25,,0,665455159.5,GSMS 2019-GC38,,0
154,GS214G24,20250521,WHOLE_LOAN,"Goldman, Sachs / Citigroup / Cantor Fitzgerald / Drexel Hamilton",20141010,GS Mortgage Securities Trust 2014-GC24,1074350868,Midland Loan Services,20140929,20250401,75,0,0,24,,0,314495929.97,GSMS 2014-GC24,,0
155,GS217GS6,20250521,WHOLE_LOAN,"Goldman, Sachs & Co. / Academy Securities / Drexel Hamilton",20170610,GS Mortgage Securities Trust 2017-GS6,1288631420,Midland Loan Services,20170531,20250401,33,0,0,38,,3,903787557.84,GSMS 2017-GS6,,0
156,GS219G42,20250521,WHOLE_LOAN,"Goldman, Sachs & Co. / Deutsche Bank Securities / Citigroup / AmeriVet Securities / Drexel Hamilton",20191010,"GS Mortgage Securities Corp II,  Commercial Pass-Through Certificates, Series 2019-GC42",4320126720,Midland Loan Services,20190927,20250401,36,0,0,68,,7,991301711.44,GSMS 2019-GC42,,0
157,GS20DUNE,20250521,WHOLE_LOAN,"Goldman, Sachs & Co.",20200215,GS Mortgage Securities Corporation Trust 2020-DUNE,258000000,KeyBank,20200131,20250401,1,0,0,32,4.33552,0,238296136.09,GSMS 2020-DUNE,,0
158,GS220G45,20250521,WHOLE_LOAN,"Goldman, Sachs & Co. / Deutsche Bank Securities / Citigroup / Academy Securities / Drexel Hamilton",20200213,"GS Mortgage Securities Corp II,  Commercial Pass-Through Certificates, Series 2020-GC45",7831178268,Midland Loan Services,20200130,20250401,52,0,0,80,,9,1252818066.39,GSMS 2020-GC45,,0
159,GS219G39,20250521,WHOLE_LOAN,"Goldman, Sachs & Co. / Citigroup / AmeriVet Securities / Drexel Hamilton",20190610,"GS Mortgage Securities Corp II,  Commercial Pass-Through Certificates, Series 2019-GC39",1710041711,Midland Loan Services,20190523,20250401,36,0,0,48,,4,645898017.89,GSMS 2019-GC39,,0
160,GS220GS2,20250521,WHOLE_LOAN,Goldman Sachs & Co. / Societe Generale / Citigroup,20210110,"GS Mortgage Securities Corp II,  Commercial Pass-Through Certificates, Series 2020-GSA2",4711330787,Midland Loan Services,20201229,20250401,46,0,0,48,,4,786316284.3,GSMS 2020-GSA2,,0
161,GSTN21F3,20250521,WHOLE_LOAN,Wells Fargo Securities / JPMorgan / UBS Securities / Goldman Sachs & Co.,20210915,Greystone CRE Notes 2021-FL3,900000000,Greystone Servicing Company,20210810,20250401,72,0,1,16,4.32871,4,712387186.85,GSTNE 2021-FL3,,0
162,HGI21FL2,20250521,WHOLE_LOAN,Goldman Sachs / JPMorgan / Amherst Pierpont,20211019,HGI CRE CLO 2021-FL2,579499191,Berkadia Commercial Mortgage,20210927,20250401,37,0,1,21,4.32867,4,383902370.1,HGI 2021-FL2,,0
163,HGI21FL1,20250521,WHOLE_LOAN,Goldman Sachs & Co. / JPMorgan / Amherst Pierpont,20210616,HGI CRE CLO 2021-FL1,558175225,Berkadia Commercial Mortgage,20210519,20250401,48,0,1,22,4.32867,4,290894368.56,HGI 2021-FL1,,0
164,HIT22H32,20250521,WHOLE_LOAN,Morgan Stanley / Deutsche Bank Securities / Citigroup,20220815,HIT Trust 2022-HI32,465000000,Berkadia Commercial Mortgage,20220706,20250401,1,0,0,31,4.32871,0,423169049.99,HIT 2022-HI32,,0
165,HERA21F1,20250521,WHOLE_LOAN,Citigroup / Wells Fargo Securities / Goldman Sachs & Co. / Morgan Stanley & Co.,20210318,HERA Commercial Mortgage 2021-FL1,944992924,Wells Fargo Bank,20210225,20250401,31,0,1,15,4.3267,4,505587952.7,HERA 2021-FL1,,0
166,JPB15C32,20250521,WHOLE_LOAN,JPMorgan / Barclays / Drexel Burnham Lambert,20151115,JPMBB Commercial Mortgage Securities Trust 2015-C32,1367829057,Wells Fargo Bank,20151029,20250401,89,0,0,36,,3,688731062.94,JPMBB 2015-C32,,0
167,JPC15JP1,20250521,WHOLE_LOAN,JPMorgan / Barclays / Drexel Hamilton / Academy Securities,20160115,JP Morgan Chase Commercial Mortgage Securities Trust 2015-JP1,799219440,Wells Fargo Bank,20151229,20250401,51,0,0,24,,0,506548191.18,JPMCC 2015-JP1,,0
168,JPD16C2,20250521,WHOLE_LOAN,"JPMorgan / Deutsche Bank Securities / Drexel Hamilton / Goldman, Sachs / Academy Securities",20160615,JPMDB Commercial Mortgage Securities Trust 2016-C2,2001299383,Wells Fargo Bank,20160523,20250401,30,0,0,41,,4,664320163.21,JPMDB 2016-C2,,0
169,JPC16JP2,20250521,WHOLE_LOAN,JPMorgan / Deutsche Bank Securities / Drexel Hamilton / Academy Securities,20160815,JP Morgan Chase Commercial Mortgage Securities Trust 2016-JP2,1439196708,Wells Fargo Bank,20160729,20250401,47,0,0,30,,3,744167687.31,JPMCC 2016-JP2,,0
170,JPC16JP3,20250521,WHOLE_LOAN,JPMorgan / Drexel Hamilton / Academy Securities,20161015,JP Morgan Chase Commercial Mortgage Securities Trust 2016-JP3,2815494696,Midland Loan Services,20160930,20250401,52,0,0,37,,4,861186351.48,JPMCC 2016-JP3,,0
171,JPD17C5,20250521,WHOLE_LOAN,JPMorgan / Deutsche Bank Securities / Drexel Hamilton / Academy Securities,20170415,JPMDB Commercial Mortgage Securities Trust 2017-C5,2589534991,Wells Fargo Bank,20170331,20250401,35,0,0,44,,4,861203005.07,JPMDB 2017-C5,,0
172,JPD18C8,20250521,WHOLE_LOAN,JPMorgan Securities / Deutsche Bank Securities / Drexel Hamilton / Academy Securities,20180715,JPMDB Commercial Mortgage Securities Trust 2018-C8,1165493129.34,Wells Fargo Bank,20180615,20250401,41,0,0,62,,4,519298695.78,JPMDB 2018-C8,,0
173,JPC17JP7,20250521,WHOLE_LOAN,JPMorgan,20170815,JP Morgan Chase Commercial Mortgage Securities Trust 2017-JP7,2719221952,Wells Fargo Bank,20170731,20250401,37,0,0,59,,6,619927941.26,JPMCC 2017-JP7,,0
174,JPC12LC9,20250521,WHOLE_LOAN,JPMorgan / Ladder Capital Securities / Wells Fargo Securities,20130115,JP Morgan Chase Commercial Mortgage Securities Trust 2012-LC9,1071943167,Midland Loan Services,20121221,20250401,45,0,0,21,,0,132460150.65,JPMCC 2012-LC9,,0
175,JPC13C10,20250521,WHOLE_LOAN,JPMorgan / CIBC World Markets / Morgan Stanley,20130415,JP Morgan Chase Commercial Mortgage Securities Trust 2013-C10,1278318391,Midland Loan Services,20130314,20250401,50,0,0,20,,0,138613324.8,JPMCC 2013-C10,,0
176,JPB13C12,20250521,WHOLE_LOAN,JPMorgan / Barclays / KeyBanc Capital Markets,20130715,JPMBB Commercial Mortgage Securities Trust 2013-C12,1341234266,Midland Loan Services,20130625,20250401,77,0,0,21,,0,162340980.43,JPMBB 2013-C12,,0
177,JPB14C23,20250521,WHOLE_LOAN,JPMorgan / Barclays / Credit Suisse,20141015,JPMBB Commercial Mortgage Securities Trust 2014-C23,1393388834,Wells Fargo Bank,20140930,20250401,65,0,0,47,,9,371293141.84,JPMBB 2014-C23,,0
178,JPB14C25,20250521,WHOLE_LOAN,JPMorgan / Barclays / Credit Suisse,20141215,JPMBB Commercial Mortgage Securities Trust 2014-C25,1194302811.74,Wells Fargo Bank,20141124,20250401,65,0,0,39,,5,380681853.68,JPMBB 2014-C25,,0
179,JPB15C27,20250521,WHOLE_LOAN,JPMorgan / Barclays / Wells Fargo Securities / Drexel Hamilton,20150315,JPMBB Commercial Mortgage Securities Trust 2015-C27,836528488,Midland Loan Services,20150225,20250401,44,0,0,30,,0,256826580.46,JPMBB 2015-C27,,0
180,JPB15C29,20250521,WHOLE_LOAN,JPMorgan / Barclays,20150715,JPMBB Commercial Mortgage Securities Trust 2015-C29,984490856,Wells Fargo Bank,20150630,20250401,63,0,0,27,,0,297231320.36,JPMBB 2015-C29,,0
181,JPB15C30,20250521,WHOLE_LOAN,JPMorgan / Barclays / Drexel Hamilton,20150815,JPMBB Commercial Mortgage Securities Trust 2015-C30,1607456099,Wells Fargo Bank,20150728,20250401,70,0,0,46,,4,811062792.67,JPMBB 2015-C30,,0
182,JPB15C31,20250521,WHOLE_LOAN,JPMorgan / Barclays / Drexel Hamilton,20150915,JPMBB Commercial Mortgage Securities Trust 2015-C31,1032305161.22,Midland Loan Services,20150828,20250401,58,0,0,32,,5,591418114.49,JPMBB 2015-C31,,0
183,JPD16C4,20250521,WHOLE_LOAN,JPMorgan / Deutsche Bank Securities / Drexel Hamilton / Academy Securities,20161215,JPMDB Commercial Mortgage Securities Trust 2016-C4,3598849756,Wells Fargo Bank,20161122,20250401,36,0,0,41,,5,941949431.53,JPMDB 2016-C4,,0
184,JPC17JP5,20250521,WHOLE_LOAN,JPMorgan / Drexel Hamilton / Academy Securities,20170415,JP Morgan Chase Commercial Mortgage Securities Trust 2017-JP5,2287982046,Midland Loan Services,20170329,20250401,43,0,0,35,,3,759430403.5,JPMCC 2017-JP5,,0
185,JPD17C7,20250521,WHOLE_LOAN,JPMorgan / Deutsche Bank Securities / Drexel Hamilton / Academy Securities,20171115,JPMDB Commercial Mortgage Securities Trust 2017-C7,5001133296,Midland Loan Services,20171031,20250401,41,0,0,58,,5,930166717.32,JPMDB 2017-C7,,0
186,JPC19IUS,20250521,WHOLE_LOAN,JPMorgan,20190605,JP Morgan Chase Commercial Mortgage Securities Trust 2019-ICON UES,115700000,Midland Loan Services,20190516,20250401,1,0,0,28,,1,63805300,JPMCC 2019-UES,,0
187,JPC21NYH,20250521,WHOLE_LOAN,JPMorgan / Academy Securities / Drexel Hamilton,20211115,JP Morgan Chase Commercial Mortgage Securities Trust 2021-NYAH,506300000,KeyBank,20211102,20250401,1,0,0,36,4.32952,0,506300000,JPMCC 2021-NYAH,,0
188,JPC17JP6,20250521,WHOLE_LOAN,JPMorgan / Drexel Hamilton / Academy Securities,20170715,JP Morgan Chase Commercial Mortgage Securities Trust 2017-JP6,2018622166,Midland Loan Services,20170616,20250401,42,0,0,41,,4,571678106.32,JPMCC 2017-JP6,,0
189,KREF22F3,20250521,WHOLE_LOAN,Wells Fargo Securities / KKR Capital Markets / Morgan Stanley / Goldman Sachs / MUFG,20220319,KREF 2022-FL3,1000000000,Midland Loan Services,20220210,20250401,19,0,1,22,4.321,4,864360766.48,KREF 2022-FL3,,0
190,KREF21F2,20250521,WHOLE_LOAN,Wells Fargo Securities / KKR Capital Markets / Morgan Stanley / Goldman Sachs & Co. / MUFG,20210915,KREF 2021-FL2,1300000000,Midland Loan Services,20210816,20250401,33,0,1,22,4.32867,4,941388901.37,KREF 2021-FL2,,0
191,LCCM13GC,20250521,WHOLE_LOAN,Deutsche Bank Securities / Ladder Capital Securities,20130415,LCCM 2013-GCP Mortgage Trust,275000000,Wells Fargo Bank,20130321,20250401,1,0,0,13,,0,253203262.9,LCCM 2013-GCP,,0
192,LCCC21F3,20250521,WHOLE_LOAN,Wells Fargo Securities / JPMorgan / Goldman Sachs & Co.,20220115,LCCM 2021-FL3 Trust,729411932,Wells Fargo Bank,20211202,20250401,54,0,1,22,4.32871,4,425208742.6,LCCM 2021-FL3,,0
193,LFE21BMR,20250521,WHOLE_LOAN,Deutsche Bank Securities / Wells Fargo Securities / Goldman Sachs & Co. / Citigroup,20210415,LIFE 2021-BMR Mortgage Trust,2010000000,KeyBank,20210330,20250401,1,0,0,29,4.32852,0,598602578.03,LIFE 2021-BMR,,0
194,LNCR22C7,20250521,WHOLE_LOAN,JPMorgan / Goldman Sachs & Co. / Morgan Stanley / Wells Fargo Securities / Jefferies,20220317,LoanCore 2022-CRE7,1500000000,Situs Asset Management,20220223,20250401,36,0,1,16,4.323,4,1393291825.15,LNCR 2022-CRE7,,0
195,LNCR25C8,20250521,WHOLE_LOAN,Goldman Sachs & Co. / Wells Fargo Securities / JPMorgan Securities / Morgan Stanley & Co.,20250317,LoanCore 2025-CRE8,1150000000,Situs Asset Management,20250213,20250401,24,0,1,19,4.3267,4,1043000000,LNCR 2025-CRE8,,0
196,LNCR21C5,20250521,WHOLE_LOAN,Goldman Sachs / JPMorgan / Wells Fargo Securities / Morgan Stanley / Jefferies,20210615,LoanCore 2021-CRE5,1034616221,Situs Asset Management,20210603,20250401,43,0,1,16,4.32871,4,847209716.5,LNCR 2021-CRE5,,0
197,LNCR21C6,20250521,WHOLE_LOAN,Wells Fargo Securities / JPMorgan / Morgan Stanley / Goldman Sachs & Co. / Jefferies,20211115,LoanCore 2021-CRE6,1250000000,Situs Asset Management,20211104,20250401,41,0,1,18,4.32871,6,890854835.08,LNCR 2021-CRE6,,0
198,LSTR1705,20250521,WHOLE_LOAN,Citigroup / Wells Fargo Securities,20170410,LSTAR Commercial Mortgage Trust 2017-5,758768227,Wells Fargo Bank,20170331,20250401,29,0,0,19,,0,504829003.73,LNSTR 2017-5,,0
199,MF121FL6,20250521,WHOLE_LOAN,JPMorgan / Credit Suisse / Amherst Pierpont,20210716,MF1 2021-FL6,1300000000,KeyBank,20210624,20250401,62,0,1,16,4.32867,4,794673039.68,MF1 2021-FL6,,0
200,MF122FL8,20250521,WHOLE_LOAN,Credit Suisse / JPMorgan / Morgan Stanley / Amherst Pierpont,20220219,MF1 2022-FL8,2022000000,KeyBank,20220120,20250401,44,0,1,18,4.321,4,1818142686.79,MF1 2022-FL8,,0
201,MF122F10,20250521,WHOLE_LOAN,Credit Suisse / Morgan Stanley / JPMorgan / Amherst Pierpont,20220919,MF1 2022-FL10,1025000000,KeyBank,20220802,20250401,31,0,1,27,4.321,4,941839805.91,MF1 2022-FL10,,0
202,MHP22MHL,20250521,WHOLE_LOAN,Citigroup / JPMorgan / Goldman Sachs & Co.,20220215,MHP Commercial Mortgage Trust 2022-MHIL,615000000,Berkadia Commercial Mortgage,20220125,20250401,1,0,0,28,4.32871,0,425866742.84,MHP 2022-MHIL,,0
203,MSBA12CK,20250521,WHOLE_LOAN,BofA Merrill Lynch / Morgan Stanley,20121115,Morgan Stanley Bank of America Merrill Lynch Trust 2012-CKSV,405747059.66,Keycorp Real Estate Capital Markets,20121017,20250401,2,0,0,19,,2,322979891.7,MSBAM 2012-CKSV,,0
204,MSCG15AL,20250521,WHOLE_LOAN,Morgan Stanley / Citigroup,20150607,MSCCG Trust 2015-ALDR,355000000,KeyBank,20150528,20250401,1,0,0,19,,1,212382329.37,MSCCG 2015-ALDR,,0
205,MF124F14,20250521,WHOLE_LOAN,Atlas SP / JPMorgan / Morgan Stanley / Santander / Goldman Sachs & Co.,20240319,MF1 2024-FL14,1125000000,KeyBank,20240215,20250401,29,0,1,27,4.32871,4,1059000000.0,MF1 2024-FL14,,0
206,MSB15C27,20250521,WHOLE_LOAN,Morgan Stanley / BofA Merrill Lynch / CIBC World Markets / Drexel Hamilton / Societe Generale,20151215,Morgan Stanley Bank of America Merrill Lynch Trust 2015-C27,1056638980.85,Wells Fargo Bank,20151124,20250401,55,0,0,44,,6,606910219.1,MSBAM 2015-C27,,0
207,MSC16BN2,20250521,WHOLE_LOAN,Morgan Stanley / BofA Merrill Lynch / Wells Fargo Securities / Academy Securities,20161215,Morgan Stanley Capital I Trust 2016-BNK2,1145571637.09,Wells Fargo Bank,20161122,20250401,40,0,0,48,,3,603806092.95,MSC 2016-BNK2,,0
208,MSC15UB8,20250521,WHOLE_LOAN,Morgan Stanley / BofA Merrill Lynch / UBS Securities / Drexel Hamilton,20160115,Morgan Stanley Capital I Trust 2015-UBS8,805000200,Midland Loan Services,20151215,20250401,57,0,0,27,,0,631496929.96,MSC 2015-UBS8,,0
209,MSC18L1,20250521,WHOLE_LOAN,Morgan Stanley / Cantor Fitzgerald & Company / KeyBanc Capital Markets / Williams Capital Group / Mischler Financial Group,20181115,Morgan Stanley Capital I Trust 2018-L1,3754938183,Midland Loan Services,20181023,20250401,47,0,0,55,,5,862322431.58,MSC 2018-L1,,0
210,MSC18H4,20250521,WHOLE_LOAN,Morgan Stanley / Cantor Fitzgerald & Company / KeyBanc Capital Markets /  / Bancroft Capital,20190115,Morgan Stanley Capital I Trust 2018-H4,2486806045,Midland Loan Services,20181227,20250401,51,0,0,34,,3,722054773.73,MSC 2018-H4,,0
211,MSC21L5,20250521,WHOLE_LOAN,Morgan Stanley / Barclays / KeyBanc Capital Markets / Siebert Williams Shank / AmeriVet Securities,20210615,Morgan Stanley Capital I Trust 2021-L5,3780711742,KeyBank,20210511,20250401,65,0,0,70,,3,809955684.12,MSC 2021-L5,,0
212,MSC14150,20250521,WHOLE_LOAN,Morgan Stanley / Citigroup Global Markets,20141009,Morgan Stanley Capital I Trust 2014-150E,525000000,Berkadia Commercial Mortgage,20140929,20250401,1,0,0,15,,0,525000000,MSC 2014-150E,,0
213,MSB15C21,20250521,WHOLE_LOAN,Morgan Stanley / BofA Merrill Lynch / CIBC World Markets / Citigroup / Drexel Hamilton,20150315,Morgan Stanley Bank of America Merrill Lynch Trust 2015-C21,988249589.14,KeyBank,20150226,20250401,64,0,0,40,,5,207716707.42,MSBAM 2015-C21,,0
214,MSC15420,20250521,WHOLE_LOAN,Morgan Stanley,20150412,Morgan Stanley Capital I Trust 2015-420,245000000,Wells Fargo Bank,20150317,20250401,1,0,0,11,,0,222317371.98,MSC 2015-420,,0
215,MSC15MS1,20250521,WHOLE_LOAN,Morgan Stanley,20150815,Morgan Stanley Capital I Trust 2015-MS1,1189590349.77,Midland Loan Services,20150708,20250401,54,0,0,32,,3,610664877.01,MSC 2015-MS1,,0
216,MSB15C25,20250521,WHOLE_LOAN,BofA Merrill Lynch / Morgan Stanley / CIBC World Markets / Drexel Hamilton,20151115,Morgan Stanley Bank of America Merrill Lynch Trust 2015-C25,1179418010,Wells Fargo Bank,20151015,20250401,56,0,0,22,,0,864487087.19,MSBAM 2015-C25,,0
217,MSC16UB9,20250521,WHOLE_LOAN,Morgan Stanley / Bank of America Merrill Lynch / UBS Investment Bank / Drexel Hamilton / Academy Securities,20160415,Morgan Stanley Capital I Trust 2016-UBS9,1574609197.01,KeyBank,20160308,20250401,31,0,0,35,,3,525645184.3,MSC 2016-UBS9,,0
218,MSB16C29,20250521,WHOLE_LOAN,Morgan Stanley / BofA Merrill Lynch / KeyBanc Capital Markets / Academy Securities,20160615,Morgan Stanley Bank of America Merrill Lynch Trust 2016-C29,1072859885.09,Wells Fargo Bank,20160505,20250401,69,0,0,36,,3,669578154.27,MSBAM 2016-C29,,0
219,MSB17C34,20250521,WHOLE_LOAN,BofA Merrill Lynch / Morgan Stanley / KeyBanc Capital Markets / Drexel Hamilton,20171115,Morgan Stanley Bank of America Merrill Lynch Trust 2017-C34,1671817109,Wells Fargo Bank,20171019,20250401,50,0,0,42,,3,971304247.96,MSBAM 2017-C34,,0
220,MSC16U11,20250521,WHOLE_LOAN,Morgan Stanley / UBS Investment Bank / KeyBanc Capital Markets / Natixis Securities Americas,20160915,Morgan Stanley Capital I Trust 2016-UBS11,719759662,Midland Loan Services,20160825,20250401,38,0,0,24,,0,549065425.45,MSC 2016-UB11,,0
221,MSC18H3,20250521,WHOLE_LOAN,Morgan Stanley / Citi / BofA Merrill Lynch / KeyBanc Capital Markets / Mischler Financial Group,20180815,Morgan Stanley Capital I Trust 2018-H3,1024238358,Wells Fargo Bank,20180712,20250401,66,0,0,24,,0,879083852.5,MSC 2018-H3,,0
222,MSC19L2,20250521,WHOLE_LOAN,Morgan Stanley / Cantor Fitzgerald & Company / Williams Capital Group,20190415,Morgan Stanley Capital I Trust 2019-L2,1088821683,Midland Loan Services,20190312,20250401,50,0,0,42,,4,867034096.17,MSC 2019-L2,,0
223,MTN22LPF,20250521,WHOLE_LOAN,Citigroup / BofA Securities / BMO Capital Markets / Morgan Stanley / UBS Securities,20220415,MTN Commercial Mortgage Trust 2022-LPFL,1400000000,Berkadia Commercial Mortgage,20220324,20250401,1,0,0,25,4.33,0,1400000000,MTN 2022-LPFL,,0
224,N_STAR8,20250521,WHOLE_LOAN,Wachovia Securities / Credit Suisse,20070201,N-Star Real Estate CDO VIII,868900000,,20061207,20250401,3,3,1,47,4.32422,4,26560201.89,NSTAR 2006-8A,,0
225,NXC1775B,20250521,WHOLE_LOAN,Natixis / Credit Suisse,20170609,Natixis Commercial Mortgage Securities Trust 2017-75B,230000000,KeyBank,20170525,20250401,1,0,0,32,,1,143000000,NCMS 2017-75B,,0
226,AVM21166,20250521,WHOLE_LOAN,Lehman Brothers,20051113,1166 Avenue of the Americas Commercial Mortgage Trust II 2005-C6,475000000,Wells Fargo,20051102,20250401,1,0,0,16,,1,260955520.9,AACMT 2005-C6A,,0
227,AVPAF051,20250521,WHOLE_LOAN,Morgan Stanley / UBS Investment Bank,20050910,"1345 Avenue of the Americas and Park Avenue Plaza Trust, Series FB 2005-1",981000000,Wells Fargo Bank,20050822,20250401,2,0,0,52,,3,338032540.18,FB 2005-1,,0
228,PFP22009,20250521,WHOLE_LOAN,Goldman Sachs & Co. / Citigroup Global Markets / Morgan Stanley & Co. / Deutsche Bank Securities / Wells Fargo Securities,20221019,PFP 2022-9 (Prime Finance),901942881,Situs Asset Management,20220930,20250401,29,0,0,14,4.32867,2,756932960.45,PFP 2022-9,,0
229,PFP24011,20250521,WHOLE_LOAN,Wells Fargo Securities / Citigroup Global Markets / Goldman Sachs & Co. / Morgan Stanley & Co. / Atlas SP / Huntington Capital Markets,20240917,PFP 2024-11 (Prime Finance),1105240250,Situs Asset Management,20240805,20250401,37,0,0,14,4.3267,2,1078294249.75,PFP 2024-11,,0
230,PFP23010,20250521,WHOLE_LOAN,Morgan Stanley & Co. / Citigroup Global Markets / Goldman Sachs & Co. / Wells Fargo Securities / BMO Capital Markets Corp. / M&T Securities,20230816,PFP 2023-10 (Prime Finance),901691700,Situs Asset Management,20230731,20250401,25,0,0,14,4.3267,2,760172405.86,PFP 2023-10,,0
231,RIAL22F8,20250521,WHOLE_LOAN,Goldman Sachs & Co. / Natixis / Wells Fargo Securities / Barclays / CastleOak Securities / Deutsche Bank / R. Seelaus & Co / Stone Point,20220619,RIAL 2022-FL8,769256948,Wells Fargo Bank,20220520,20250401,18,0,0,14,4.32867,2,767883472.85,RIAL 2022-FL8,,0
232,SFV155AV,20250521,WHOLE_LOAN,"BofA Merrill Lynch / Goldman, Sachs / Morgan Stanley / Scotiabank / Drexel Hamilton",20150305,SFAVE Commercial Mortgage Securities Trust 2015-5AVE,1250000000,Wells Fargo Bank,20150211,20250401,1,0,0,13,,0,1250000000,SFAVE 2015-5AVE,,0
233,SGCM16C5,20250521,WHOLE_LOAN,Societe Generale / Cantor Fitzgerald & Company / Natixis Securities Americas / Citigroup / Wells Fargo Securities,20160810,SG Commercial Mortgage Securities 2016-C5,958811980,Wells Fargo Bank,20160719,20250401,47,0,0,36,,3,544451326.06,SGCMS 2016-C5,,0
234,SMR22MIN,20250521,WHOLE_LOAN,Citigroup / Barclays,20220215,SMRT Commercial Mortgage Trust 2022-MINI,2080000000,KeyBank,20220208,20250401,1,0,0,13,4.32871,0,2080000000,SMRT 2022-MINI,,0
235,STWD22F3,20250521,WHOLE_LOAN,Wells Fargo Securities / Morgan Stanley / JPMorgan / Barclays / Citi / Capital One Securities / BMO Capital Markets / Goldman Sachs & Co.,20220315,STWD 2022-FL3,1000000000,Wells Fargo Bank,20220201,20250401,55,0,1,27,4.323,4,916296832.96,STWD 2022-FL3,,0
236,STWD19F1,20250521,WHOLE_LOAN,Wells Fargo Securities / Citigroup / BofA Securities / Capital One Securities / JPMorgan / Morgan Stanley,20190915,STWD 2019-FL1,1100000000,Wells Fargo Bank,20190815,20250401,35,0,1,25,4.32871,2,383701822.96,STWD 2019-FL1,,0
237,STWD21F2,20250521,WHOLE_LOAN,Wells Fargo Securities / Morgan Stanley / Citibank / JPMorgan / Barclays / Capital One Securities / Deutsche Bank Securities / Societe Generale,20210618,STWD 2021-FL2,1275000000,Wells Fargo Bank,20210505,20250401,45,0,1,25,4.32867,4,992362538.66,STWD 2021-FL2,,0
238,TSQ14150,20250521,WHOLE_LOAN,UBS Securities / Citigroup,20141110,TMSQ 2014-1500,335000000,Wells Fargo Bank,20141030,20250401,1,0,0,10,,0,335000000,TMSQ 2014-1500,,0
239,TRTX21F4,20250521,WHOLE_LOAN,Wells Fargo Securities / Barclays / BofA Securities / Goldman Sachs / JPMorgan / Morgan Stanley,20210415,TRTX 2021-FL4,1250000000,Situs Asset Management,20210331,20250401,44,0,1,16,4.32867,4,849273082.6,TRTX 2021-FL4,,0
240,TRTX25F6,20250521,WHOLE_LOAN,Goldman Sachs & Co. / BofA Securities / Wells Fargo Securities / Barclays / Citigroup / HSBC / M&T Securities / Morgan Stanley / Raymond James / Standard Chartered Bank /  / TPG Capital,20250418,TRTX 2025-FL6,1100000000,Situs Asset Management,20250328,20250401,20,0,1,16,4.33741,4,1100000000.47,TRTX 2025-FL6,,0
241,AA121115,20250521,WHOLE_LOAN,JPMorgan / Citigroup / Morgan Stanley / Drexel Hamilton,20150910,1211 Avenue of the Americas Trust 2015-1211,1035000000,Wells Fargo Bank,20150827,20250401,1,0,0,12,,0,1035000000,AOTA 2015-1211,,0
242,LBT16225,20250521,WHOLE_LOAN,Citigroup / Deutsche Bank Securities / Wells Fargo Securities,20160310,225 Liberty Street Trust 2016-225L,900000000,Wells Fargo Bank,20160229,20250401,1,0,0,22,,1,778500000,LBTY 2016-225L,,0
243,PK280P17,20250521,WHOLE_LOAN,"Deutsche Bank Securities / Barclays / Citigroup / Goldman, Sachs & Co.",20171015,280 Park Avenue 2017-280P Mortgage Trust,1075000000,Wells Fargo Bank,20170928,20250401,1,0,0,11,4.338,0,1075000000,PRK 2017-280P,,0
244,UBS17C02,20250521,WHOLE_LOAN,UBS Securities / Deutsche Bank Securities / SG Americas Securities / Natixis / CIBC World Markets / Academy Securities,20170915,UBS Commercial Mortgage Trust 2017-C2,5181281591,Midland Loan Services,20170817,20250401,59,0,0,61,,6,664623840.68,UBSCM 2017-C2,,0
245,UBS17C01,20250521,WHOLE_LOAN,UBS Securities / Wells Fargo Securities / Societe Generale / Natixis Securities Americas / Academy Securities / CIBC World Markets,20170715,UBS Commercial Mortgage Trust 2017-C1,1308225038,Wells Fargo Bank,20170612,20250401,67,0,0,40,,4,666903657.52,UBSCM 2017-C1,,0
246,UBS18C10,20250521,WHOLE_LOAN,UBS Securities / Societe Generale / Cantor Fitzgerald & Company / KeyBanc Capital Markets / CIBC World Markets / Drexel Hamilton / Academy Securities,20180615,UBS Commercial Mortgage Trust 2018-C10,730421805,Wells Fargo Bank,20180531,20250401,57,0,0,22,,0,658944718.96,UBSCM 2018-C10,,0
247,UBS17C05,20250521,WHOLE_LOAN,UBS Securities / Cantor Fitzgerald & Company / Societe Generale / Natixis / Academy Securities,20171215,UBS Commercial Mortgage Trust 2017-C5,2559663651,Midland Loan Services,20171116,20250401,49,0,0,56,,6,557609006.21,UBSCM 2017-C5,,0
248,UBS18C12,20250521,WHOLE_LOAN,UBS Securities / Cantor Fitzgerald & Company / Natixis / Societe Generale / CIBC World Markets / Drexel Hamilton / Academy Securities,20180915,UBS Commercial Mortgage Trust 2018-C12,1529938824,Midland Loan Services,20180828,20250401,65,0,0,36,,3,666316179.77,UBSCM 2018-C12,,0
249,UBS18C13,20250521,WHOLE_LOAN,UBS Securities / Cantor Fitzgerald & Company / Natixis / Societe Generale / CIBC Capital Markets / Drexel Hamilton / Academy Securities,20181115,UBS Commercial Mortgage Trust 2018-C13,1234880367,Midland Loan Services,20181011,20250401,53,0,0,35,,3,570553521.5,UBSCM 2018-C13,,0
250,VNO16350,20250521,WHOLE_LOAN,"Goldman, Sachs & Co. / Deutsche Bank Securities",20170110,VNDO Trust 2016-350P,400000000,Midland Loan Services,20161223,20250401,1,0,0,24,,1,233332000,VNDO 2016-350P,,0
251,VDCI2002,20250521,WHOLE_LOAN,Guggenheim Securities / Barclays / Deutsche Bank Securities / Truist Securities,20201015,"Vantage Data Centers Issuer, Series 2020-2",600000000,Midland Loan Services,20201005,20250401,64,0,0,2,,0,3717999999.94,VDC 2020-2A,,0
252,WMRK22WM,20250521,WHOLE_LOAN,Citigroup / JPMorgan / Wells Fargo Securities / BofA Securities,20221215,WMRK Commercial Mortgage Trust 2022-WMRK,1885000000,Wells Fargo Bank,20221115,20250401,1,0,0,25,4.32871,0,1885000000,WMRK 2022-WMRK,,0
253,WFC13L12,20250521,WHOLE_LOAN,Wells Fargo Securities / RBS / Citigroup,20130815,Wells Fargo Commercial Mortgage Trust 2013-LC12,1409166821,Wells Fargo Bank,20130730,20250401,83,0,0,27,,0,189472030.54,WFCM 2013-LC12,,0
254,WFC15C26,20250521,WHOLE_LOAN,Wells Fargo Securities / Deutsche Bank Securities / Morgan Stanley,20150315,Wells Fargo Commercial Mortgage Trust 2015-C26,962069709,Wells Fargo Bank / National Cooperative Bank,20150213,20250401,102,0,0,24,,0,57963391.63,WFCM 2015-C26,,0
255,WFC15C29,20250521,WHOLE_LOAN,Wells Fargo Securities / Citigroup / Deutsche Bank Securities,20150715,Wells Fargo Commercial Mortgage Trust 2015-C29,1177025121,Wells Fargo Bank / National Cooperative Bank,20150626,20250401,133,0,0,22,,0,652876488.71,WFCM 2015-C29,,0
256,WFC15C30,20250521,WHOLE_LOAN,Wells Fargo Securities / Deutsche Bank Securities / Morgan Stanley,20150915,Wells Fargo Commercial Mortgage Trust 2015-C30,740314909.13,Wells Fargo Bank / National Cooperative Bank,20150812,20250401,101,0,0,25,,0,389318554.11,WFCM 2015-C30,,0
257,WFC15SG1,20250521,WHOLE_LOAN,Wells Fargo Securities / Societe Generale / Citigroup / Morgan Stanley / Natixis Securities Americas,20150915,Wells Fargo Commercial Mortgage Trust 2015-SG1,716328406,Wells Fargo Bank,20150827,20250401,72,0,0,23,,0,488526561.22,WFCM 2015-SG1,,0
258,WFC15L22,20250521,WHOLE_LOAN,Wells Fargo Securities / Deutsche Bank Securities / Morgan Stanley,20151015,Wells Fargo Commercial Mortgage Trust 2015-LC22,963724520,Wells Fargo Bank / National Cooperative Bank,20150929,20250401,100,0,0,23,,0,593011490,WFCM 2015-LC22,,0
259,WFC15NX3,20250521,WHOLE_LOAN,Wells Fargo Securities / Deutsche Bank Securities / Natixis Securities Americas,20151115,Wells Fargo Commercial Mortgage Trust 2015-NXS3,1854499765,Wells Fargo Bank / National Cooperative Bank,20151013,20250401,56,0,0,36,,3,485733920.58,WFCM 2015-NXS3,,0
260,WFC15NX4,20250521,WHOLE_LOAN,Wells Fargo Securities / Deutsche Bank Securities / Natixis Securities Americas,20160115,Wells Fargo Commercial Mortgage Trust 2015-NXS4,774467698,Wells Fargo Bank,20151209,20250401,62,0,0,29,,0,553114725.01,WFCM 2015-NXS4,,0
261,WFC16C32,20250521,WHOLE_LOAN,Wells Fargo Securities / Barclays / Deutsche Bank Securities,20160315,Wells Fargo Commercial Mortgage Trust 2016-C32,959979761,Wells Fargo Bank / National Cooperative Bank,20160218,20250401,112,0,0,31,4.32867,0,712039905.61,WFCM 2016-C32,,0
262,WFC18AUS,20250521,WHOLE_LOAN,Wells Fargo Securities,20180815,Wells Fargo Commercial Mortgage Trust 2018-AUS,330000000,Wells Fargo Bank,20180730,20250401,1,0,0,10,,0,330000000,WFCM 2018-AUS,,0
263,WFC15P2,20250521,WHOLE_LOAN,Wells Fargo Securities / Citigroup / Societe Generale / Deutsche Bank Securities,20160115,Wells Fargo Commercial Mortgage Trust 2015-P2,1002201025,Wells Fargo Bank,20151223,20250401,71,0,0,22,,0,693600293.12,WFCM 2015-P2,,0
264,WFC16NX5,20250521,WHOLE_LOAN,Wells Fargo Securities / Citigroup / Natixis Securities Americas,20160315,Wells Fargo Commercial Mortgage Trust 2016-NXS5,875129836,Wells Fargo Bank,20160226,20250401,64,0,0,33,4.32867,0,573166991.53,WFCM 2016-NXS5,,0
265,WFC16C35,20250521,WHOLE_LOAN,Wells Fargo Securities / Barclays / UBS Securities / Academy Securities / Societe Generale,20160815,Wells Fargo Commercial Mortgage Trust 2016-C35,1224879609,Wells Fargo Bank / National Cooperative Bank,20160728,20250401,102,0,0,37,4.32867,3,799310784.32,WFCM 2016-C35,,0
266,WFC16BNK,20250521,WHOLE_LOAN,Wells Fargo Securities / BofA Merrill Lynch / Morgan Stanley / Academy Securities / Drexel Hamilton,20160915,Wells Fargo Commercial Mortgage Trust 2016-BNK1,1340557678,Wells Fargo Bank,20160818,20250401,40,0,0,39,,3,787923236.87,WFCM 2016-BNK1,,0
267,WFC16L24,20250521,WHOLE_LOAN,Wells Fargo Securities / Academy Securities / Deutsche Bank Securities,20161015,Wells Fargo Commercial Mortgage Trust 2016-LC24,1560358263,NCB / Wells Fargo,20160929,20250401,91,0,0,37,,3,850347181.03,WFCM 2016-LC24,,0
268,WFC16L25,20250521,WHOLE_LOAN,Wells Fargo Securities / Academy Securities / Deutsche Bank Securities,20170115,Wells Fargo Commercial Mortgage Trust 2016-LC25,2104965554,Wells Fargo Bank / National Cooperative Bank,20161208,20250401,80,0,0,32,,3,779276852.84,WFCM 2016-LC25,,0
269,WFC16C33,20250521,WHOLE_LOAN,Wells Fargo Securities / Academy Securities / Deutsche Bank Securities / Natixis Securities Americas,20160415,Wells Fargo Commercial Mortgage Trust 2016-C33,1571719087,Wells Fargo Bank / National Cooperative Bank,20160331,20250401,79,0,0,35,,3,505351206.81,WFCM 2016-C33,,0
270,WFC16C36,20250521,WHOLE_LOAN,Wells Fargo Securities / Barclays / Academy Securities / Citigroup,20161215,Wells Fargo Commercial Mortgage Trust 2016-C36,1817177958,Wells Fargo Bank / National Cooperative Bank,20161103,20250401,73,0,0,47,,4,702174755.64,WFCM 2016-C36,,0
271,WFC16C37,20250521,WHOLE_LOAN,Wells Fargo Securities / Barclays / Academy Securities / Deutsche Bank Securities,20170115,Wells Fargo Commercial Mortgage Trust 2016-C37,2352631779,Wells Fargo Bank,20161222,20250401,63,0,0,44,,4,533886018.51,WFCM 2016-C37,,0
272,WFC17RB1,20250521,WHOLE_LOAN,Wells Fargo Securities / Barclays / Societe Generale / UBS Securities / Academy Securities,20170415,Wells Fargo Commercial Mortgage Trust 2017-RB1,637555685.16,Wells Fargo Bank,20170330,20250401,37,0,0,38,,0,535940893.89,WFCM 2017-RB1,,0
273,WFC17RC1,20250521,WHOLE_LOAN,Wells Fargo Securities / Academy Securities / Citigroup,20170415,Wells Fargo Commercial Mortgage Trust 2017-RC1,624913731.85,NCB / Wells Fargo,20170314,20250401,60,0,0,30,,0,431787777.48,WFCM 2017-RC1,,0
274,WFC17C42,20250521,WHOLE_LOAN,Wells Fargo Securities / Barclays / Academy Securities,20180115,Wells Fargo Commercial Mortgage Trust 2017-C42,744811779,Wells Fargo Bank,20171221,20250401,37,0,0,43,,3,702407770.22,WFCM 2017-C42,,0
275,WFC18C43,20250521,WHOLE_LOAN,Wells Fargo Securities / Barclays / Academy Securities,20180415,Wells Fargo Commercial Mortgage Trust 2018-C43,722448984.15,Wells Fargo Bank,20180327,20250401,63,0,0,23,,0,613194106.67,WFCM 2018-C43,,0
276,WFC17C38,20250521,WHOLE_LOAN,Wells Fargo Securities / Barclays / UBS Securities / Deutsche Bank Securities / Academy Securities,20170815,Wells Fargo Commercial Mortgage Trust 2017-C38,5009649987,Wells Fargo Bank,20170713,20250401,76,0,0,63,,5,987771637.63,WFCM 2017-C38,,0
277,WFC18C45,20250521,WHOLE_LOAN,Wells Fargo Securities / Barclays / Academy Securities,20180815,Wells Fargo Commercial Mortgage Trust 2018-C45,658765419,Wells Fargo Bank,20180717,20250401,49,0,0,23,,0,588366451.78,WFCM 2018-C45,,0
278,WFC18C48,20250521,WHOLE_LOAN,Wells Fargo Securities / Barclays / Academy Securities / Drexel Hamilton,20190115,Wells Fargo Commercial Mortgage Trust 2018-C48,3334447217.59,Wells Fargo Bank,20181220,20250401,52,0,0,49,,5,735910236.1,WFCM 2018-C48,,0
279,WFC19JWD,20250521,WHOLE_LOAN,Wells Fargo Securities,20191115,Wells Fargo Commercial Mortgage Trust 2019-JWDR,403000000,Wells Fargo Bank,20191008,20250401,1,0,0,13,,0,403000000,WFCM 2019-JWDR,,0
280,WPT17WWP,20250521,WHOLE_LOAN,"Goldman, Sachs & Co. / Deutsche Bank Securities",20171210,Worldwide Plaza Trust 2017-WWP,940000000,Wells Fargo Bank,20171110,20250401,1,0,0,25,,1,705000000,WPT 2017-WWP,,0
